english,chinese,example,note,source
a bit of everything,各种情况都有一点,说明问题存在，但并非整体崩坏,,09-23 移民/无家可归
a deep love for,对……的深厚热爱,have a deep love for their own language,固定搭配,09-22 梦境/正式英语
a package deal,一揽子方案,强调综合解决，而非单一措施,,09-23 移民/无家可归
a pocket of,一小片/局部的,pockets of seething anger,,09-24 移民/完形复盘
a shelter,收容所、避难所,无家可归语境优先选 shelter,,09-23 移民/无家可归
a vast array of,大量的、各式各样的,a vast array of goods,,09-23 移民/无家可归；09-24 移民/完形复盘
abandon,抛弃；放弃,clients are going to abandon me,abandon sb/sth,09-20 反智/经济放缓
absorption into,吸收/融入……,,absorption of immigrants into society,09-24 移民/完形复盘
acknowledge,承认,McWhorter acknowledges...,acknowledge that,09-22 梦境/正式英语
acquire,获得；习得,acquire abilities/knowledge,≈ gain/obtain,09-20 反智/经济放缓
acquisition,收购；取得,continuing acquisition,acquire v.,Day5 铁路/医疗
address the needs/problems,处理、解决需求/问题,address 在此不是“地址”，而是“应对”,,09-23 移民/无家可归
admiration,钦佩,admiration for their memory,admire v.,09-22 梦境/正式英语
admission,准许进入；入场；承认,gain admission to; admission to a university,与 consent 区分：admission 可指“准入/录取”；consent 是“同意”。；此处=承认,Day4 情报/动物实验；09-20 反智/经济放缓
advisory,咨询的；顾问的,advisory service,,Day6 求职/字母偏见
advocate of,……的倡导者,an advocate of regular schooling,advocate v./n.,09-20 反智/经济放缓
aggravate,加剧；恶化,aggravates the former,≈ worsen,09-21 公平/气候/嗅觉
aggravation,加重；恶化,,aggravation in the unconscious mind,09-22 梦境/正式英语
aggressive treatment,积极/强力治疗,too aggressive treatment,医疗语境并非“攻击性”,Day5 铁路/医疗
all those years when...,那些年……的时候,all those years when scientists argued...,用于回顾长期争议,09-21 公平/气候/嗅觉
all too human,太有人性了；非常典型的人类表现,regarded as all too human,all too = 太过于、非常,09-21 公平/气候/嗅觉
allow for,考虑到；允许；为……留余地,allow for reductions,≈ take into account,Day5 铁路/医疗
along with,连同；和……一起,A along with B,谓语常随 A,09-21 公平/气候/嗅觉
alphabetism,按字母顺序造成的偏见/歧视,alphabetical bias,文章自造/主题词,Day6 求职/字母偏见
Although / Now that / Provided / Except that,Although=尽管；Now that=既然；Provided=只要；Except that=只是/除了这一点。,,,09-24 移民/完形复盘
an array of,一系列；大量,an entertaining array of examples,array of + 复数名词,09-22 梦境/正式英语
another,另一个,one type ... but not another,与 other/the other 区分,09-21 公平/气候/嗅觉
anti-smoking lobby,反吸烟游说团体,the antismoking lobby,lobby 可指游说集团,09-21 公平/气候/嗅觉
anxiety (about),焦虑；担忧,anxiety about animal rights,anxious(adj.) → anxiety(n.)。,Day4 情报/动物实验
anything but,绝非；根本不是,they are anything but a counterbalance,不是“除了任何东西”,09-20 反智/经济放缓
applicable to,适用于,be applicable to the former,apply v.,09-21 公平/气候/嗅觉
appreciation,欣赏；认可,appreciation of their efforts,appreciate v.,09-22 梦境/正式英语
apprehensive,忧虑的；担心的,shippers are apprehensive,≈ worried / anxious；be apprehensive about,Day5 铁路/医疗
approval / disapproval,赞同 / 不赞同,,strong disapproval,Day5 铁路/医疗
arbitrator / arbiter,仲裁者；裁决者,act as arbiters,题目里常指“裁判/裁决者”,Day5 铁路/医疗
argue that,主张；论证说,scientists argued that smoking would kill us,argue 不一定是“争吵”,09-21 公平/气候/嗅觉
around / over / on / up,turn one’s life around=扭转生活；turn over=翻转/营业额；turn on=打开；turn up=出现/调大。,,,09-24 移民/完形复盘
as if,仿佛；好像,as if + 从句,方式/假设,09-21 公平/气候/嗅觉
as sb puts it,正如某人所说,put = 表述、说,,09-23 移民/无家可归
as sb. puts it,正如某人所说,puts = 表述,,09-24 移民/完形复盘
aside from,除……之外,aside from = apart from,排除/补充,09-21 公平/气候/嗅觉
aspire to,渴望；追求,aspire to such command,aspire to do / aspire to sth,09-22 梦境/正式英语
assimilating,同化、吸收,,本篇 homogenizing 的近义项,09-24 移民/完形复盘
assimilation,同化；融入,indices of assimilation：同化指标,,09-23 移民/无家可归；09-24 移民/完形复盘
assist,帮助、援助,finding ways to assist this population,,09-23 移民/无家可归；09-24 移民/完形复盘
assist / track / sustain / dismiss,assist=帮助；track=追踪；sustain=维持；dismiss=不予考虑/解雇,,,09-23 移民/无家可归
associating,联系、使有关联,,associate A with B,09-24 移民/完形复盘
assumption,假设；假定,justify an assumption,assume v.,09-21 公平/气候/嗅觉
at all,根本；完全,not ... at all,程度强调,09-21 公平/气候/嗅觉
at best,充其量；最好也不过,seem wasteful at best,与 at worst 成对记。,Day4 情报/动物实验
at first,起初,"at first, ...",时间,09-21 公平/气候/嗅觉
at large,总体上；在逃,public at large,固定搭配,09-21 公平/气候/嗅觉
at least,至少,seem to be at least within our control,at least + 数量/程度,09-22 梦境/正式英语
at times,有时,at times = sometimes,频率,09-21 公平/气候/嗅觉
at unprecedented levels,达到前所未有的水平,immigration is neither at unprecedented levels…,,09-23 移民/无家可归
at worst,最坏的情况下,cruel at worst,at best ... at worst ... 常用于评价范围。,Day4 情报/动物实验
athlete,运动员,heroes are athletes,与 scholar 对比形成语境,09-20 反智/经济放缓
atmospheric / oceanic,大气的 / 海洋的,atmospheric and oceanic research,学术主题词,09-21 公平/气候/嗅觉
authenticity,真实感；真实性,ethic of authenticity,authentic adj.,09-22 梦境/正式英语
available,可获得的；可用的,available information,availability,09-21 公平/气候/嗅觉
awaken,醒来；唤醒,as soon as you awaken,正式程度高于 wake up,09-22 梦境/正式英语
awaken sb to,使某人意识到,awaken us to the growing threat,≈ alert sb to,09-21 公平/气候/嗅觉
ballot,投票；选票,ballot papers,election 语境,Day6 求职/字母偏见
barely,仅仅；勉强；几乎不,barely enough; barely manage to do,≈ hardly/scarcely；本身含否定意味。,Day4 情报/动物实验
base ... on,以……为基础,base important policies on the best judgments,be based on,09-21 公平/气候/嗅觉
be absorbed into,被吸收进；融入,be absorbed into a culture of consumption,,09-23 移民/无家可归；09-24 移民/完形复盘
be addicted to,对……上瘾,alcohol or drugs,,09-24 移民/完形复盘
be exposed to,暴露于；接触,be exposed to smells,exposure n.,09-21 公平/气候/嗅觉
be left to,留给……处理,this process need not be left to the unconscious,leave sth to sb,09-22 梦境/正式英语
be modified in their courses,在发展过程中可以被改变,,modify=修改；course=过程/进程,09-22 梦境/正式英语
be occupied,被占据；忙于,our conscious mind is occupied,occupied with/by,09-22 梦境/正式英语
be out to do,企图；一心想做,was out to destroy our way of life,常带贬义,09-21 公平/气候/嗅觉
be resistant to,抵制；对……有抗拒性,resistant to assimilation,,09-23 移民/无家可归；09-24 移民/完形复盘
be responsible for,对……负责；导致,responsible for the decline,cause 语境,09-22 梦境/正式英语
be subjected to,遭受；经受,be subjected to tests,被动高频,09-21 公平/气候/嗅觉
be susceptible to,易受……影响,,susceptible to emotional changes,09-22 梦境/正式英语
bellyful of,一肚子的；大量的,a bellyful of words,带讽刺语气,09-20 反智/经济放缓
belong to the unconscious,属于无意识过程,,entirely belong to the unconscious,09-22 梦境/正式英语
belt-tightening,勒紧裤腰带；削减开支,modest belt-tightening,经济阅读高频比喻,09-20 反智/经济放缓
benefit,受益；好处,benefit from sth,benefit n./v.,09-20 反智/经济放缓
best available guide,目前可获得的最佳指南,science provides the best available guide,available 修饰“现有的”,09-21 公平/气候/嗅觉
bilingual,双语的,children of immigrants tend to be bilingual,,09-23 移民/无家可归；09-24 移民/完形复盘
biomedical,生物医学的,biomedical research,bio- + medical。,Day4 情报/动物实验
bite one's nails,咬指甲；焦虑不安,isn't biting her nails yet,比喻：还没有焦虑到极点,09-20 反智/经济放缓
booth,摊位；展位；小隔间,an information booth / exhibition booth,考试阅读常见实体场景词。,Day4 情报/动物实验
brief / briefing,简报；情况介绍；简要说明,an intelligence briefing,brief 也可作 adj. “简短的”。,Day4 情报/动物实验
bring ... under control,把……置于控制之下,brought under conscious control,固定搭配；bring dreams under control,09-22 梦境/正式英语
brochure,小册子；宣传册,distribute a brochure,与 leaflet/pamphlet 同类。,Day4 情报/动物实验
bubble,泡沫；经济泡沫,bubbles in the job market,asset bubble,09-20 反智/经济放缓
buy that nonsense,相信那套胡说,Americans bought that nonsense,buy 可引申为“相信、接受说法”,09-21 公平/气候/嗅觉
bypass operation,搭桥手术,a father's bypass operation,bypass 可指“绕开”，医学中常见心脏搭桥。,Day4 情报/动物实验
cancer patient,癌症患者,cancer patients,patient n.患者,Day5 铁路/医疗
candidate,候选对象；研究对象,preferred candidates,语境可指“候选样本”,09-21 公平/气候/嗅觉
capability,能力；能力范围,have the capability to do; technical capabilities,强调“能不能做到”的能力/潜力。,Day4 情报/动物实验
captive,受制于……的；被控制的,captive shippers,captive customer=缺乏替代选择,Day5 铁路/医疗
capture spoken English,捕捉/呈现口语英语,capture spoken English on the page,capture=准确呈现,09-22 梦境/正式英语
carefree,无忧无虑的,a carefree attitude,care + free,09-20 反智/经济放缓
casualness,随意、不拘礼节,casualness and absence of deference,,09-23 移民/无家可归；09-24 移民/完形复盘
cater to,迎合；满足……需要,shops catering to a knowledgeable elite,,09-23 移民/无家可归；09-24 移民/完形复盘
"caution all right, panic not",谨慎可以，恐慌不必,作者态度总结,把握文章主旨,09-20 反智/经济放缓
census,人口普查,The 1990 Census revealed that…,,09-23 移民/无家可归；09-24 移民/完形复盘
ceremony,典礼；仪式,graduation ceremonies,ceremonies 复数,Day6 求职/字母偏见
cheer for,为……高兴；欢呼支持,home buyers would cheer for lower rates,cheer for sb/sth,09-20 反智/经济放缓
client,客户；顾客,most of her clients,专业服务业常用,09-20 反智/经济放缓
clinical,临床的,clinical treatment / depression,clinic n.,Day5 铁路/医疗
co-operative,合作的,"co-operative, group-living species",cooperate v.,09-21 公平/气候/嗅觉
co-operative feeling,合作情感,develop social/co-operative feelings,语境义,09-21 公平/气候/嗅觉
coincidence,巧合,mere coincidence,by coincidence,Day6 求职/字母偏见
comfortable about,对……感到安心,comfortable about their ability...,be comfortable with/about,09-20 反智/经济放缓
command of English,驾驭英语的能力,command the English language with skill,have a good command of,09-22 梦境/正式英语
common ancestor,共同祖先,the common ancestor of the species,evolution 主题高频,09-21 公平/气候/嗅觉
common sense,常识,"practicality, common sense...",高频短语,09-20 反智/经济放缓
comparison,比较,make a comparison,compare v.,09-21 公平/气候/嗅觉
compassionate,富有同情心的,a compassionate way,compassion(n.) → compassionate(adj.)。,Day4 情报/动物实验
compensating,补偿性的,注意与 complementary 区分,,09-24 移民/完形复盘
compensation,薪酬；补偿,salary and compensation,求职语境常指薪酬待遇,Day6 求职/字母偏见
compensation / salary,salary 是固定工资；compensation 更广，含工资、奖金、福利等整体报酬,,,Day6 求职/字母偏见
complementary,互补的,complementary programs,complement v.,09-24 移民/完形复盘；09-20 反智/经济放缓
complex / comprehensive / complementary / compensating,complex=复杂；comprehensive=全面综合；complementary=互补；compensating=补偿性的,,,09-23 移民/无家可归
complex ideas,复杂思想,convey complex ideas,complex ≠ complicated 完全等同,09-22 梦境/正式英语
component,组成部分；成分,of all the components of a good night's sleep,component of sth,09-22 梦境/正式英语
comprehensive,全面的、综合的,comprehensive programs,,09-24 移民/完形复盘
comprehensive / complementary / compensating,comprehensive=全面；complementary=互补；compensating=补偿。,,,09-24 移民/完形复盘
comprehensive programs,综合性的项目,解决多方面需求,,09-23 移民/无家可归
condemn,谴责；判定……有罪,be condemned for / condemn discrimination,强烈负面评价,Day6 求职/字母偏见
confuse the public,使公众困惑,arguments confuse the public,confuse sb；be confused about/by。,Day4 情报/动物实验
confused,困惑的,feel confused,confuse v.,09-20 反智/经济放缓
consent,同意；许可,reserved consent,give/withhold consent,Day5 铁路/医疗
consequence,后果,consequences of present actions,consequence of,09-21 公平/气候/嗅觉
conservation measure,节能/保护措施,conservation measures,conservation=保护、节约,09-21 公平/气候/嗅觉
consolidation,合并；整合；巩固,rail industry consolidation,企业兼并语境,Day5 铁路/医疗
constitute,构成,,constitute the majority,09-24 移民/完形复盘
consumption,消费,culture of consumption,,09-24 移民/完形复盘
contemplative,沉思的；善于深思的,"critical, creative, contemplative",contemplate v.,09-20 反智/经济放缓
contempt,轻视；蔑视,contempt for old-fashionedness,with contempt；contempt for,09-22 梦境/正式英语；Day5 铁路/医疗
continue along this path,继续沿着这条道路走下去,continuing along this path,path 常作比喻,09-20 反智/经济放缓
contrast,对比,pose a contrast,contrast A with B,09-21 公平/气候/嗅觉
controversy,争议,cause a controversy,controversial adj.,09-22 梦境/正式英语
convey,传达；表达,cannot convey complex ideas,convey information/meaning,09-22 梦境/正式英语
cooling,降温；放缓,economy is cooling,宏观经济常用隐喻,09-20 反智/经济放缓
coordinate,协调；统筹,coordinate service,coordination n.,Day5 铁路/医疗
coordination,协调、统筹,coordination of programs,,09-23 移民/无家可归；09-24 移民/完形复盘
cope (with),应付、处理,local governments can’t possibly cope,,09-23 移民/无家可归；09-24 移民/完形复盘
cope / approve / retain,cope(with)=应对；approve(of)=赞成；retain=保留。,,,09-24 移民/完形复盘
correlation,相关性,correlation between smoking and death,correlation between A and B,09-21 公平/气候/嗅觉
counseling,咨询；辅导,career counseling,career guidance 近义,Day6 求职/字母偏见
counter-culture,反主流文化；反文化,1960s counter-culture,counter- 表“反”,09-22 梦境/正式英语
counterbalance,制衡物；抵消力量,be a counterbalance to...,counterbalance to sth,09-20 反智/经济放缓
counterpart,对应的人/物；对手方,female human counterparts,counterpart in another group,09-21 公平/气候/嗅觉
courageous,勇敢的；有勇气的,make courageous statements,courage(n.) → courageous(adj.)。,Day4 情报/动物实验
cover / change / range / differ,range from A to B = 在 A 到 B 范围变化；differ =彼此不同；cover=覆盖；change=变化,,,09-23 移民/无家可归
craft,技艺；精心雕琢,spontaneity over craft,不是“手工艺品”,09-22 梦境/正式英语
criteria,标准；条件（criterion 的复数）,job-search criteria,按条件筛选,Day6 求职/字母偏见
critical,至关重要的,it is critical that...,critical that + (should) do,09-21 公平/气候/嗅觉
crucial,关键的；至关重要的,it is crucial that...,≈ critical；crucial to/for,09-21 公平/气候/嗅觉；09-20 反智/经济放缓
cruelty,残酷；虐待,allegations of cruelty to animals,cruel(adj.) → cruelty(n.)。,Day4 情报/动物实验
culture of consumption,消费文化,department stores 推动的共同文化,,09-23 移民/无家可归
daytime anxiety,白天焦虑,,avoid anxiety in the daytime,09-22 梦境/正式英语
dealership,经销商；经销店,car dealerships,dealer 经销商,09-20 反智/经济放缓
deceptive appearance of truth,具有迷惑性的“真实外观”,acquire a deceptive appearance of truth,deceptive=欺骗性的。,Day4 情报/动物实验
decision-making,决策,helps decision-making,复合名词,09-21 公平/气候/嗅觉
decline of,……的衰落,decline of formal English,decline in + 数量/程度,09-22 梦境/正式英语
deference,尊重、顺从,absence of deference：缺少恭敬/等级礼仪,,09-23 移民/无家可归；09-24 移民/完形复盘
degradation,退化；恶化,The Degradation of Language...,degrade v.,09-22 梦境/正式英语
deliberately harm,故意伤害,deliberately harm an animal,deliberately=故意地。,Day4 情报/动物实验
democratizing uniformity,大众化、民主化的统一性,形容大众文化把不同阶层拉进共同的消费/表达方式,,09-23 移民/无家可归
denote,表示；指代,The word 'talking' denotes...,denote 比 mean 更正式,09-22 梦境/正式英语
depression,抑郁；萧条,clinical depression,medical/economic two senses,Day5 铁路/医疗
desire and fear,欲望与恐惧,shadows of unconscious desires and fears,成对理解,09-22 梦境/正式英语
desperate,绝望的；走投无路的,a desperate situation,despair n.,09-20 反智/经济放缓
detect,检测；察觉,detect a smell/signal,发现微弱信号,09-21 公平/气候/嗅觉
deteriorating,恶化的,a dark and deteriorating social environment,,09-23 移民/无家可归；09-24 移民/完形复盘
determine,确定；决定,determine the cause,确定结果/原因,09-21 公平/气候/嗅觉
diffuse,扩散,gas diffuses,更强调自然扩散,09-21 公平/气候/嗅觉
dilute,稀释,diluted solution/smell,浓度降低,09-21 公平/气候/嗅觉
discontent (with),不满；不满意,discontent with animal research,常与 with 搭配。,Day4 情报/动物实验
discourse,话语、言谈；论述,dress and discourse：穿着与言谈,,09-23 移民/无家可归；09-24 移民/完形复盘
discover,发现,discover a fact,原先未知,09-21 公平/气候/嗅觉
discrimination,歧视；区别对待,discrimination against,against 后接对象,Day6 求职/字母偏见
discrimination / discriminatory,歧视；差别待遇 / 歧视性的,rate discrimination,discriminate against,Day5 铁路/医疗
disintegrate,瓦解；解体,cells/tissues disintegrate,physical breakdown,Day5 铁路/医疗
disperse,分散；散开,particles disperse,从集中到散开,09-21 公平/气候/嗅觉
dissolve,溶解,salt dissolves in water,物质进入溶液,09-21 公平/气候/嗅觉
distaste for,对……的厌恶,American distaste for intellectual pursuits,distaste for sth,09-20 反智/经济放缓
distinguish,区分；辨别,distinguish A from B,强调区别,09-21 公平/气候/嗅觉
divisive,造成分裂的,divisive issues,,09-23 移民/无家可归；09-24 移民/完形复盘
do without,没有……也能过；不需要,a service people can do without,高频短语,09-20 反智/经济放缓
downscale,降低档次；缩减,downscaling shopping,downscale spending,09-20 反智/经济放缓
drawback,缺点；弊端,one drawback is that...,≈ disadvantage,Day6 求职/字母偏见
drawback / disadvantage,都指缺点；drawback 常指某方案实际使用中的不利之处,,,Day6 求职/字母偏见
dreadful,糟糕的；可怕的,dreadful headlines,比 bad 更强,09-20 反智/经济放缓
eagerness to,渴望做……,eagerness to identify with...,eager to do,09-20 反智/经济放缓
efficiency,效率,improve efficiency,,Day6 求职/字母偏见
elegant atmosphere,优雅的氛围,百货商店语境,,09-23 移民/无家可归
elevated,高雅的；提升的,even the most well regarded wrote...,elevated style 语境,09-22 梦境/正式英语
endless studies,没完没了的研究,endless studies kill action,endless=无休止的,09-21 公平/气候/嗅觉
enlist,征召；邀请加入,a panel enlisted by the White House,enlist sb to do,09-21 公平/气候/嗅觉
entertaining,有趣的；令人愉快的,just as entertaining,entertain v.,09-22 梦境/正式英语
enthusiastic support,热情支持,show enthusiastic support,attitude phrase；最强正向态度之一,Day5 铁路/医疗
environmentally sound,环境上合理的；环保可靠的,plants be environmentally sound,sound=合理可靠的,09-21 公平/气候/嗅觉
episode,一段经历；事件；一集,give an episode of the information war,语境义常为“一段事件/插曲”。,Day4 情报/动物实验
equally involved,同样参与其中,not all parts ... are equally involved,be involved in,09-22 梦境/正式英语
espionage,间谍活动；谍报工作,electronic espionage / industrial espionage,比 spy 更书面。,Day4 情报/动物实验
estimate,估计；估算值,estimates range from A to B,,09-24 移民/完形复盘
estimates range from A to B,估计值从 A 到 B 不等,range from…to… 是固定搭配,,09-23 移民/无家可归
even if,即使,even if + 假设条件,让步假设,09-21 公平/气候/嗅觉
evolve from,由……发展而来,evolves from common sense,evolve into/from,09-20 反智/经济放缓
evolve independently,独立演化,fairness evolved independently,evolve v.,09-21 公平/气候/嗅觉
exemplify,例证；体现,Huckleberry Finn exemplified...,exemplify = be an example of,09-20 反智/经济放缓
exercise conscious control,实施有意识的控制,,exercise control over,09-22 梦境/正式英语
expect sb to do,期待某人做……,parents expect children to acquire...,常考结构,09-20 反智/经济放缓
exploitation,剥削；利用,exploitation and control,exploit→exploitation,09-20 反智/经济放缓
expressive,有表现力的,more expressive than...,expressiveness n.,09-22 梦境/正式英语
expressive / expression,富表现力的 / 表达,powerfully expressive,,09-22 梦境/正式英语
extinguish,熄灭；扑灭；使消亡,extinguish the embers,可用于 fire/hope/progress 等抽象对象。,Day4 情报/动物实验
extravagantly,挥霍地；过度地,spend extravagantly,extravagant adj.；spend extravagantly,Day5 铁路/医疗
fact of life,不可避免的生活现实,accept death as a fact of life,固定表达,Day5 铁路/医疗
failure to confront,未能正视/面对……,failure to confront death,confront=直面,Day5 铁路/医疗
fair pay / pay rise,公平报酬 / 加薪,a fair pay rise,pay 可作“薪酬”；rise 为英式“上涨、加薪”,09-21 公平/气候/嗅觉
fair play,公平竞争；公平对待,ensure fair play,体育比喻→公平,Day5 铁路/医疗
fairly evenly spread,相当均匀地分布,be fairly evenly spread,fairly=相当,Day6 求职/字母偏见
fairness,公平,a sense of fairness,fair adj.,09-21 公平/气候/嗅觉
fashion,制定；塑造,fashioning conservation measures,fashion v.=形成、制定,09-21 公平/气候/嗅觉
federal study predicts that…,联邦研究预测……,predict + 宾语从句,,09-23 移民/无家可归
file and polish nails,修锉并涂亮指甲,"cutting, filing or polishing nails",file v.=锉,09-20 反智/经济放缓
financial incentive,财政/经济激励,offer financial incentives,incentive to do,09-21 公平/气候/嗅觉
fit into,融入；适应,immigrants are quickly fitting into this common culture,,09-23 移民/无家可归；09-24 移民/完形复盘
float through,飘过；在……中飘动,smells float through the air,float v.,09-21 公平/气候/嗅觉
folk(s),人们；普通人,most folks,较口语,09-20 反智/经济放缓
for sure,确定地；无疑地,we didn't know for sure,口语高频,09-21 公平/气候/嗅觉
for the sake of,为了……本身；为了……的缘故,for the sake of knowledge,高频固定搭配,09-20 反智/经济放缓
foreign-born,国外出生的；外来移民的,foreign-born Asians and Hispanics,,09-23 移民/无家可归；09-24 移民/完形复盘
formal / informal / informality,正式 / 非正式 / 非正式性,formal English; informality,,09-22 梦境/正式英语
formal speech/writing,正式口语/写作,"death of formal speech, writing...",与 spoken English 对比,09-22 梦境/正式英语
formulate,系统地提出；制定,Freud formulated his revolutionary theory,formulate a theory/plan,09-22 梦境/正式英语
freight,货运；货物,freight traffic / freight rates,铁路语境高频,Day5 铁路/医疗
frenzied,狂热的；疯狂的,frenzied overbidding,frenzy n.,09-20 反智/经济放缓
from bad to worse,每况愈下；越来越糟,turn from bad to worse,固定短语,09-21 公平/气候/嗅觉
from many quarters,来自各方面,voices come from many quarters,quarter=方面/群体,09-21 公平/气候/嗅觉
fruitless,无成果的、徒劳的,,fruitless effort,09-24 移民/完形复盘
functional / artistic,实用功能性的 / 艺术审美性的,paper plates vs china,本题核心比喻,09-22 梦境/正式英语
fund low-cost housing,资助低成本住房,fund 作动词“提供资金”,,09-23 移民/无家可归；09-24 移民/完形复盘
futile,徒劳的；无效的,futile treatment,≈ useless but formal,Day5 铁路/医疗
gene necessary to,……所必需的基因,genes necessary to generate...,necessary for/to,09-21 公平/气候/嗅觉
generate,产生；生成,feelings generated during the day,generate electricity/data；generate emotion/data,09-21 公平/气候/嗅觉；09-22 梦境/正式英语
generous,慷慨的,more generous,generosity n.,09-21 公平/气候/嗅觉
genetically programmed,由基因预设的,genetically programmed to...,programmed to do,Day5 铁路/医疗
get moving,行动起来,we should get moving,口语高频,09-21 公平/气候/嗅觉
get to the root(s) of,找到……的根源；追根究底,get to the roots of an issue,高频写作/阅读短语。,Day4 情报/动物实验
gold rush,淘金热；抢购热潮,a new gold rush,比喻资本涌入,09-20 反智/经济放缓
grasp,理解；抓住,intelligence seeks to grasp...,grasp an idea,09-20 反智/经济放缓
grave,坟墓,went to early graves,early grave=早逝,09-21 公平/气候/嗅觉
graveyard,墓地；（文中比喻）语言消亡之地,America as a “graveyard” for languages：语言逐渐消失的比喻,,09-23 移民/无家可归；09-24 移民/完形复盘
greatness,伟大；巨大程度,threatens its greatness,great adj.,Day5 铁路/医疗
grievance,不满；委屈；抱怨,a sense of grievance,grievance against/about,09-21 公平/气候/嗅觉
grieve / grievance,悲伤 / 不满、委屈,grieve over; sense of grievance（注意词形不同）,,09-22 梦境/正式英语
grieve over,为……感到悲伤,grieving over the loss,grief n.,09-22 梦境/正式英语
grind out,机械地、大量地产出,the system grinds out people,带贬义，像机器生产,09-20 反智/经济放缓
growing threat,日益增长的威胁,the growing threat of global warming,threat to/of,09-21 公平/气候/嗅觉
guarantee,保证；担保,guarantee the truthfulness of information,guarantee + n.; guarantee that...,Day4 情报/动物实验
harness,利用；驾驭,if these events can be harnessed,harness energy/power,09-22 梦境/正式英语
help sb toward independence,帮助某人走向独立,toward 强调方向,,09-23 移民/无家可归
help sb. toward independence,帮助某人走向独立,toward 表方向,,09-24 移民/完形复盘
Hence / But / Even / Only,Hence=因此；But=转折；Even=甚至；Only=只是/仅仅,,,09-23 移民/无家可归
hi-tech means,高科技手段,employ hi-tech means in research,means 单复数同形。,Day4 情报/动物实验
hinder,阻碍,hinder progress,≈ impede,09-21 公平/气候/嗅觉
historian,历史学家,historian and professor,history→historian,09-20 反智/经济放缓
hold steady,保持稳定,home prices are holding steady,经济数据常用,09-20 反智/经济放缓
homogenize / homogenizing,使同质化、使趋同,homogenizing people；题目同义替换为 assimilating,,09-23 移民/无家可归；09-24 移民/完形复盘
hostility to,对……的敌意,hostility to intellect,hostile to,09-20 反智/经济放缓
humble / noble,卑微的 / 高贵的,选项对比,humble 也可“谦逊”,09-22 梦境/正式英语
humiliated,受羞辱的；感到丢脸的,feel humiliated,humiliate sb,Day6 求职/字母偏见
identical,完全相同的,views are identical,比 similar 强,09-20 反智/经济放缓
identifiable,可识别的,identifiable signal,identify,09-21 公平/气候/嗅觉
identify,识别；确定,identify what is upsetting,identify the cause,09-22 梦境/正式英语
identify / visualize,识别 / 在脑中想象,identify the problem; visualize an ending,,09-22 梦境/正式英语
identify with,认同；产生共鸣,identify with children,不是“识别”,09-20 反智/经济放缓
identifying,识别、确认,,identify ≠ associate,09-24 移民/完形复盘
if only,要是……就好了,表达愿望/遗憾,不要和 only if 混,09-21 公平/气候/嗅觉
ill-treated,受到不公正/不良对待的,be ill-treated,ill- 作前缀表示不好,Day6 求职/字母偏见
immunization,免疫；免疫接种,oppose immunizations,≈ vaccination（接种）。,Day4 情报/动物实验
implicit,含蓄的；隐含的,implicit counseling,未明说但隐含提供,Day6 求职/字母偏见
improper,不合适的；不恰当的,improper behavior / an improper remark,≠ improper “错误”这么简单，更强调“不符合规范/场合”。,Day4 情报/动物实验
impulse,冲动；脉冲,nerve impulse,生理/物理语境,09-21 公平/气候/嗅觉
in despair,绝望,not in despair,despair n./v.,09-20 反智/经济放缓
in spite of / despite,尽管,in spite of endless talk of difference：尽管不断谈论“差异”,,09-23 移民/无家可归；09-24 移民/完形复盘
inability,无能力；不能,inability to cure the disease,unable adj.,Day5 铁路/医疗
inadequate,不充分的；不足的,research alone is inadequate,≈ insufficient,09-21 公平/气候/嗅觉
inclined to,倾向于……,be inclined to weigh...,≈ tend to,09-21 公平/气候/嗅觉
incompetent,无能力的；不称职的,an incompetent worker,competence,09-21 公平/气候/嗅觉
inconclusive,没有定论的；不确定的,the evidence was inconclusive,conclusive 反义,09-21 公平/气候/嗅觉
Indeed / Likewise / Therefore / Furthermore,Indeed=确实，强化前句；Likewise=同样；Therefore=因此；Furthermore=此外递进。,,,09-24 移民/完形复盘
independent voice,独立立场；独立声音,keep its independent voice,阅读中常指机构保持独立判断。,Day4 情报/动物实验
index / indices,指标；指数,social indices / indices of assimilation,,09-24 移民/完形复盘
indicate,表明；指示,indicate the danger of fire,indicator n.,09-21 公平/气候/嗅觉
indicator,指标；指示物,a good economic indicator,economic indicator,09-20 反智/经济放缓
indifferent,漠不关心的,,be indifferent to,Day5 铁路/医疗
indignation,愤慨；义愤,feelings of righteous indignation,较强的道德愤怒,09-21 公平/气候/嗅觉
indispensable,不可或缺的,be indispensable to/for,,Day6 求职/字母偏见
induce,引起；诱发,enough to induce resentment,induce sb to do / induce sth,09-21 公平/气候/嗅觉
ineffective,无效的,an ineffective method,effect,09-21 公平/气候/嗅觉
inefficient,效率低的,an inefficient system,efficiency,09-21 公平/气候/嗅觉
inevitable,不可避免的,an inevitable decline,inevitably adv.,09-22 梦境/正式英语
inflating / expanding / increasing / extending,increase=数量上增加；expand=规模扩大；extend=范围/时间延伸；inflate=膨胀、抬高,,,09-23 移民/无家可归
informality,非正式性,denote informality,formal 的反义,09-22 梦境/正式英语
ingredient,要素；成分,a necessary ingredient to a boom,key ingredient,09-20 反智/经济放缓
innate goodness,天生的善良,preserve his innate goodness,innate=与生俱来的,09-20 反智/经济放缓
innermost desires and fears,内心最深处的欲望与恐惧,,innermost=最内在的,09-22 梦境/正式英语
insensitive,不敏感的；迟钝的,insensitive smellers,sensitive 反义,09-21 公平/气候/嗅觉
insignificant,不重要的；不显著的,the number was insignificant,significant 反义,09-21 公平/气候/嗅觉
insufficient,不足的,insufficient evidence,sufficiency,09-21 公平/气候/嗅觉
insurance policy,保险单；保险措施,take out an insurance policy,take out insurance,09-21 公平/气候/嗅觉
intellect,智力；理性思考能力,value intellect / hostility to intellect,区别 intelligence：intellect 更偏理性、思辨能力,09-20 反智/经济放缓
intellect and reasoning,智力与推理,center of intellect and reasoning,reasoning=推理,09-22 梦境/正式英语
intellectual,知识性的；学术性的；智力的,the language of intellectual biology,语境中强调专业/学术表达。,Day4 情报/动物实验
intellectual promise,智力潜力；学术潜质,least intellectual promise,promise 可指“前途、潜质”,09-20 反智/经济放缓
intellectual pursuit,智力/学术追求,intellectual pursuits,pursuit=追求；活动,09-20 反智/经济放缓
intend to show,意在说明,,作者意图题高频,09-22 梦境/正式英语
intensely powerful,极其强烈、有力的,intensely powerful mental events,intensely 修饰程度,09-22 梦境/正式英语
interaction,互动；相互作用,human interaction,,Day6 求职/字母偏见
interactive feature,交互式功能,an interactive feature,feature=功能/特点,Day6 求职/字母偏见
interest,利益；利害关系,interests of winners and losers,不是只有“兴趣”义,Day5 铁路/医疗
intermarriage,异族/不同群体通婚,rates of intermarriage,,09-23 移民/无家可归；09-24 移民/完形复盘
invaluable,极其宝贵的,probably an invaluable one,注意不是“没有价值”,09-22 梦境/正式英语
investigation,调查；研究,careful investigation reveals truth,investigate v.,09-21 公平/气候/嗅觉
invincible,不可战胜的,seem invincible,in- + vincible,Day5 铁路/医疗
jealous / jealous of,嫉妒的,jealous of each other,jealousy n.,09-21 公平/气候/嗅觉
job hunter,求职者,job hunters,≈ job seeker,Day6 求职/字母偏见
keep abreast of,及时了解；跟上最新进展,keep abreast of openings,高频短语,Day6 求职/字母偏见
keep abreast of / keep an eye on,前者=持续掌握最新进展；后者=留意、监视某对象,,,Day6 求职/字母偏见
keep an eye on,留意；密切关注,keep an eye on demand,≈ watch closely,Day6 求职/字母偏见
laborious,费力的；艰难的,laborious speech,laborious work,09-22 梦境/正式英语
lack of morals,缺乏道德,a lack of morals,lack of + n.,09-21 公平/气候/嗅觉
lag,滞后；落后；增长迟缓,sales have been lagging,lag behind,09-20 反智/经济放缓
largely,主要地；在很大程度上,this is largely because...,≈ mainly,09-21 公平/气候/嗅觉
lay the roots for,为……奠定根基,lay the roots for the CIA,≈ lay the foundation for。,Day4 情报/动物实验
legislative initiative,立法倡议,take the legislative initiative,initiative=主动权/倡议,09-21 公平/气候/嗅觉
legislative measure,立法措施,take legislative measures,take measures to do,09-21 公平/气候/嗅觉
less well known,不那么知名,less well-known surnames,well-known 的比较结构,Day6 求职/字母偏见
life / existence / survival / maintenance,life skills=生活技能是固定搭配；survival 偏“生存”；maintenance=维持,,,09-23 移民/无家可归；09-24 移民/完形复盘
life expectancy,预期寿命,longer life expectancy,高频社会话题词,Day5 铁路/医疗
life skills,生活技能,everyday life skills,,09-23 移民/无家可归；09-24 移民/完形复盘
limbic system,边缘系统；情绪脑区,the 'emotional brain',与 emotion 相关,09-22 梦境/正式英语
limit,限制；极限,accept a certain limit,事实边界语境,Day5 铁路/医疗
literally,确实地；字面上地,"literally, do it in their sleep",语境需判断,09-22 梦境/正式英语
liveliness,鲜活感；生气,denote liveliness,lively adj.；与 text 中 real liveliness 对应,09-22 梦境/正式英语
lodging / shelter / dwelling / house,lodging=临时住宿；shelter=收容/庇护场所；dwelling=住所（正式）；house=房屋。,,,09-23 移民/无家可归；09-24 移民/完形复盘
look out for,留意；寻找；当心,look out for opportunities,与 look after 区分,Day6 求职/字母偏见
luxury goods,奢侈品,grapes are luxury goods,经济/社会类高频,09-21 公平/气候/嗅觉
make a splash,引起轰动；造成巨大反响,make the biggest splash,splash 本义“水花”，引申为“轰动效应”。,Day4 情报/动物实验
make up a growing percentage of,构成越来越大的比例,The homeless make up a growing percentage of America’s population.,,09-23 移民/无家可归；09-24 移民/完形复盘
manicurist,美甲师,a 47-year-old manicurist,manicure 美甲,09-20 反智/经济放缓
markedly,明显地；显著地,behaviour became markedly different,≈ noticeably,09-21 公平/气候/嗅觉
mass media,大众媒体,forces for homogenization,,09-24 移民/完形复盘
mastery,掌握；精通；控制,mastery of electronic spying,mastery of sth。,Day4 情报/动物实验
matching position,匹配职位,a matching position is posted,match criteria,Day6 求职/字母偏见
mechanism of REM sleep,REM 睡眠机制,,mechanism=机制,09-22 梦境/正式英语
medicine,医学；医疗,modern medicine,不仅是“药”,Day5 铁路/医疗
memorized poetry,背诵过的诗歌,chunks of memorized poetry,memorize v.,09-22 梦境/正式英语
mental disorder,精神障碍,serious mental disorders,,09-24 移民/完形复盘
mental disorders,精神障碍,serious mental disorders,,09-23 移民/无家可归
merge / merger,合并；兼并,railroad mergers; companies merge,名词 merger；动词 merge,Day5 铁路/医疗
middle-brow,中等品位/大众化的,middle-brow department store,常与 highbrow/lowbrow 对照,09-20 反智/经济放缓
mildly concerned,略有担忧,only mildly concerned,mildly=轻微地,09-20 反智/经济放缓
militantly,激进地；斗争性地,militantly proclaim,militant adj.,09-20 反智/经济放缓
minority,少数群体,minority group,注意 minority ≠ minor,Day6 求职/字母偏见
misinformation,错误信息；不实信息,animal-rights misinformation,mis- 表“错误”。,Day4 情报/动物实验
mistrust,不信任；怀疑,intellect is mistrusted,mistrust n./v.,09-20 反智/经济放缓
mixed views,混合立场；观点不完全一致,mixed liberal and conservative views,mixed feelings 类似,09-22 梦境/正式英语
modesty,谦逊,denote modesty,modest adj.,09-22 梦境/正式英语
monopolizing,垄断,,monopoly,09-24 移民/完形复盘
monopoly,垄断；垄断地位,concerns about monopoly,反义 competition,Day5 铁路/医疗
mumble,含糊地说；咕哝,mumble through names,声音低而不清,Day6 求职/字母偏见
mutually,相互地；彼此地,mutually reinforcing / mutually beneficial,mutual 是形容词；mutually 是副词。,Day4 情报/动物实验
native intelligence,天生智力；本能聪慧,native intelligence,native=与生俱来的,09-20 反智/经济放缓
natural progression,自然发展过程,,be left to their natural progression,09-22 梦境/正式英语
necessarily,必然地,not necessarily related to,not necessarily=未必,09-22 梦境/正式英语
necessary / necessarily,必要的 / 必然地,not strictly necessary; not necessarily,,09-22 梦境/正式英语
negligence,疏忽；失职,government's negligence,negligent adj.,09-21 公平/气候/嗅觉
negotiate / negotiating,谈判；协商,negotiating compensation,negotiate with sb over sth,Day6 求职/字母偏见
neural-repair work,神经修复工作,neural-repair work during sleep,neural=神经的,09-22 梦境/正式英语
nightmare,噩梦,persistent nightmares,nightmare about,09-22 梦境/正式英语
no longer,不再,Americans no longer expect...,no longer + v.,09-22 梦境/正式英语
no matter,无论如何/不论,no matter + wh-,,09-24 移民/完形复盘
non-standard,非标准的,non-standard forms like Black English,与 standard English 对比,09-22 梦境/正式英语
nonconformist image,非传统、反主流的形象,a nonconformist image,nonconformist=不随大流的。,Day4 情报/动物实验
Now that / Although / Provided / Except that,Now that=既然；Although=尽管；Provided (that)=如果/只要；Except that=只是/除了这一点,,,09-23 移民/无家可归
obvious,明显的；显而易见的,an obvious fact,≈ evident/apparent。,Day4 情报/动物实验
old-fashioned,老式的；过时的,old-fashioned English-speakers,old-fashioned ≠ useless,09-22 梦境/正式英语
on the grounds that,以……为理由；基于……,justify ... on the grounds that,≈ because / on the basis that,Day5 铁路/医疗
on the horizon,即将发生；初露端倪,a boom on the horizon,比喻性高频短语,09-20 反智/经济放缓
only if,只有……才,only if 条件,必要条件,09-21 公平/气候/嗅觉
opponent of,……的反对者,an opponent of intellectualism,oppose v.,09-20 反智/经济放缓
outlet,零售店；销售点,car dealerships to Gap outlets,也可指“出口/渠道”,09-20 反智/经济放缓
outraged,愤怒的；义愤的,outraged by the lack of morals,outrage n./v.,09-21 公平/气候/嗅觉
overbidding,过度竞价；竞价过高,frenzied overbidding,bid v. 出价,09-20 反智/经济放缓
overcharge,索价过高；多收费,shippers are overcharged,over- 表过度,Day5 铁路/医疗
owe A to B,把 A 归因于 B,,A owes its emergence to B,09-24 移民/完形复盘
pace,速度；节奏,off last year's pace,at a fast pace,09-20 反智/经济放缓
package deal,一揽子方案,a package deal,,09-24 移民/完形复盘
panic,惊慌；恐慌,wake up in a panic,in a panic,09-22 梦境/正式英语
panic / panicked,恐慌；恐慌的,panic about sth,panic-panic(k)ed 拼写,09-20 反智/经济放缓
panicked,恐慌的,not panicked,panic n./v.,09-20 反智/经济放缓
paper plates / china,纸盘 / 瓷器,paper plates instead of china,文末比喻：实用 vs 审美文化价值,09-22 梦境/正式英语
paralysis by analysis,分析瘫痪；因过度分析而无法行动,a classic case of paralysis by analysis,考研阅读高价值表达,09-21 公平/气候/嗅觉
participate in,参与,participate in our democracy,participate in sth,09-20 反智/经济放缓
particular,特定的,a particular smell,≈ specific,09-21 公平/气候/嗅觉
pay attention,关注,starting to pay attention,pay attention to,09-21 公平/气候/嗅觉
pay attention to,注意；关注,pay much closer attention to,closer attention 强调更关注,09-21 公平/气候/嗅觉
perceive,感知；察觉,perceiving those smells,perception n.,09-21 公平/气候/嗅觉
performative genre,表演性文体,"personal, performative genre",genre=体裁,09-22 梦境/正式英语
perish,死亡；消亡,disintegrate and perish,书面词,Day5 铁路/医疗
permissive,宽松的；放任的,the permissive 1960s,permissiveness n.,09-22 梦境/正式英语
perplexed,困惑的；不解的,be perplexed that/by...,比 confused 更书面。,Day4 情报/动物实验
persist / persistent,持续 / 持续的,persistent nightmares,,09-22 梦境/正式英语
persist till...,持续到……,,persist till the time we fall asleep,09-22 梦境/正式英语
persistent,持续的；反复的,persistent nightmares,persistent problem,09-22 梦境/正式英语
personal search agent,个性化搜索代理,use a personal search agent,文中指自动替你搜职位的工具,Day6 求职/字母偏见
personality,个性,denote personality,personal/personality 区分,09-22 梦境/正式英语
pervasive,普遍的；弥漫的,pervasive anti-intellectualism,≈ widespread,09-20 反智/经济放缓
phenomenon,现象,explain a phenomenon,复数 phenomena,09-21 公平/气候/嗅觉
place a high value on,高度重视；看重,place a very high value on intellect,value 作名词：价值；该短语≈attach importance to,09-20 反智/经济放缓
pockets of,局部、小片区域的,pockets of seething anger：局部涌动的愤怒,,09-23 移民/无家可归
poisonous,有害的、有毒的,hardly poisonous：几乎无害,,09-23 移民/无家可归；09-24 移民/完形复盘
ponder,仔细思考；沉思,intellect ponders...,ponder over/upon sth,09-20 反智/经济放缓
populist urge,民粹冲动/倾向,democratic and populist urges,urge 在此为“冲动、倾向”,09-20 反智/经济放缓
post,发布；张贴,a job is posted,职位被发布,Day6 求职/字母偏见
potential,潜在的；可能的,potential jobs/employers,potential=有可能成为,Day6 求职/字母偏见
pour fumes into,向……排放烟气,pouring fumes into the air,fume=烟气,09-21 公平/气候/嗅觉
powerfully expressive,极富表现力的,can be powerfully expressive,expressive=有表现力的,09-22 梦境/正式英语
practical,实际的；实用的,practical is more important than intellectual,practical vs intellectual,09-20 反智/经济放缓
precede,先于；在……之前发生,slowdown precedes a boom,precede ≠ proceed,09-20 反智/经济放缓
precious embers,珍贵的余火；珍贵火种,the precious embers of medical progress,ember=余烬，文中是比喻“医学进步的火种”。,Day4 情报/动物实验
predict,预测,a study predicts that...,,09-24 移民/完形复盘
predominantly,主要地；占主导地,predominantly fed by...,≈ mainly,09-20 反智/经济放缓
preface,序言；前言,in the preface to the report,preface to,09-21 公平/气候/嗅觉
preference,偏好,preference for cucumbers,prefer v.,09-21 公平/气候/嗅觉
prefrontal cortex,前额叶皮层,the prefrontal cortex,与理性、推理相关,09-22 梦境/正式英语
presence,在场；存在,in the presence of ...,固定搭配,09-21 公平/气候/嗅觉
preserve,保持；维护,not the preserve of people alone,preserve n. 可指“专属领域”；preserve sth,09-21 公平/气候/嗅觉；09-20 反智/经济放缓
press for,强烈要求；敦促,press for more research,press for sth,09-21 公平/气候/嗅觉
press forward on,继续推进,press forward on deeper research,≈ push ahead with,09-21 公平/气候/嗅觉
pressing,紧迫的；迫切的,a pressing problem,pressing issue,Day5 铁路/医疗
private industry,私营产业,incentives for private industry,industry 不可数时指产业,09-21 公平/气候/嗅觉
privilege,特权；特殊优势,a form of power or privilege,privileged adj.,09-20 反智/经济放缓
proclaim,公开宣布；宣称,proclaim their hostility,比 announce 更正式,09-20 反智/经济放缓
professional help,专业帮助,,seek professional help,09-22 梦境/正式英语
proficiency,熟练；精通,proficiency in English/computing,强调熟练程度；常与 in 搭配。,Day4 情报/动物实验
proficient in,熟练掌握,proficient in English,,09-23 移民/无家可归；09-24 移民/完形复盘
progress / progression,进展 / 渐进过程,progression toward happier dreams,,09-22 梦境/正式英语
progression toward,朝……逐步发展,a progression toward happier ones,progression toward sth,09-22 梦境/正式英语
proper,得体的；规范的,do not talk proper,此处指规范标准,09-22 梦境/正式英语
prospect,前景；可能性,long-term prospects,prospects for growth,09-20 反智/经济放缓
protector / judge / critic / guide,保护者 / 裁判 / 批评者 / 指南,science as a guide,注意语境功能,09-21 公平/气候/嗅觉
prudent,谨慎的；审慎的,a prudent people,prudence n.,09-21 公平/气候/嗅觉
prudent planning,审慎规划,prudent planning hinders progress,prudent≠slow,09-21 公平/气候/嗅觉
public attitudes,公众态度,changes in public attitudes,attitude toward,09-22 梦境/正式英语
public funding,公共财政资助；政府资金,depend on public funding,funding 是不可数名词。,Day4 情报/动物实验
pull out,撤出；退出；拔出,pull out of an operation/market,阅读里常见“撤出”。,Day4 情报/动物实验
purchasing power,购买力,enhance purchasing power,经济学高频,09-20 反智/经济放缓
pursue knowledge,追求知识,pursue knowledge for the sake of knowledge,pursue=追求；后接名词,09-20 反智/经济放缓
put / interpret / assume / make,as sb puts it=正如某人所说；interpret=解释；assume=假设；make=使/制作,,,09-23 移民/无家可归
put pen to paper,动笔写作,when they put pen to paper,固定短语,09-22 梦境/正式英语
puts / interprets / assumes / makes,as sb. puts it=正如某人所说；interpret=解释；assume=假设；make=制作/使。,,,09-24 移民/完形复盘
qualification,资格；资历,worse qualification,job qualification,Day6 求职/字母偏见
radical / conservative,激进的 / 保守的,选项对比,政治/社会文体常见,09-22 梦境/正式英语
radical education reforms,激进的教育改革,radical reforms,radical=根本性的,09-22 梦境/正式英语
radical reform,激进改革,proposes no radical education reforms,radical=根本性的/激进的,09-22 梦境/正式英语
raise the minimum wage,提高最低工资,raise + wage,,09-23 移民/无家可归；09-24 移民/完形复盘
random by-product,随机副产品,random by-products,by-product of,09-22 梦境/正式英语
random outcome,随机结果,,outcome of neural repairs,09-22 梦境/正式英语
range,范围；区间,$4m to $10m range,in the range of,09-20 反智/经济放缓
range / differ / change / cover,range from...to... 表范围；differ 强调差异；change 普通变化；cover 可指覆盖范围。,,,09-24 移民/完形复盘
range from A to B,范围从 A 到 B,固定搭配,,09-24 移民/完形复盘
rarely,很少；罕有地,rarely do sth; rarely seen,频率副词，和 barely 不同：rarely=次数少，barely=程度低/几乎不。,Day4 情报/动物实验
rate increase,费率/运价上涨,huge rate increases,increase 作名词,Day5 铁路/医疗
rate relief,运价减免/缓解,appeal for rate relief,railway rate 语境,Day5 铁路/医疗
reach such proportions that…,达到如此规模，以至于……,proportion 在这里指“规模/程度”，不是只表示“比例”,,09-23 移民/无家可归；09-24 移民/完形复盘
real,真正的；实际存在的,a real staff of 20,在文中强调“确实有/真实的”。,Day4 情报/动物实验
real estate,房地产,real-estate market,estate 不等于 state,09-20 反智/经济放缓
real-estate broker,房地产经纪人,a Bay Area real-estate broker,broker 经纪人,09-20 反智/经济放缓
reasonably,合理地；适度地,spend reasonably,reasonable adj.；态度/程度副词,Day5 铁路/医疗
recitation room,背诵/课堂教室,college recitation rooms,recitation=背诵、课堂问答,09-20 反智/经济放缓
recruit,招募；吸收,recruit supporters to a cause,recruit sb to/for sth。,Day4 情报/动物实验
recurring,反复发生的,a recurring bad dream,recur v.,09-22 梦境/正式英语
red-hot economy,过热/极为火热的经济,red-hot economy is cooling,red-hot=炙手可热/极热,09-20 反智/经济放缓
refuse,拒绝,refused to accept the slice,refuse to do,09-21 公平/气候/嗅觉
regard ... as,把……视为……,be regarded as all too human,固定搭配,09-21 公平/气候/嗅觉
regardless of,不论；不管,regardless of class or background,,09-23 移民/无家可归；09-24 移民/完形复盘
reject,拒绝；排斥,reject the life of the mind,reject + n.,09-20 反智/经济放缓
relation of dreams to emotions,梦与情绪的关系,,relation of A to B,09-22 梦境/正式英语
relatively quiet,相对安静/不活跃,relatively quiet,relatively=相对地,09-22 梦境/正式英语
reliable,可靠的,reliable data,reliability,09-21 公平/气候/嗅觉
reluctant,不情愿的,the second was reluctant,reluctance n.,09-21 公平/气候/嗅觉
reluctantly,不情愿地,reluctantly admire intellect,reluctant adj.,09-20 反智/经济放缓
REM,快速眼动睡眠,active during REM sleep,rapid eye movement,09-22 梦境/正式英语
remain immune to,不受……影响；对……免疫,remain immune to the nation’s assimilative power,,09-23 移民/无家可归；09-24 移民/完形复盘
remedy,补救办法；治疗方法,a single remedy,remedy for sth,09-20 反智/经济放缓
reminder,提醒；提示物,send a reminder,,Day6 求职/字母偏见
remodel,改造；重新塑造,remodel common practices,re- + model。,Day4 情报/动物实验
remote,偏远的,remote villages,,09-23 移民/无家可归；09-24 移民/完形复盘
represent,代表；体现；意味着,intellect represents a form of power,represent = stand for,09-20 反智/经济放缓
resentment,怨恨；不满,induce resentment,resent v.,09-21 公平/气候/嗅觉
reserved consent,有保留的同意,,态度题常见“不是完全支持”,Day5 铁路/医疗
respectively,分别地；各自地,A and B are X and Y respectively,顺序一一对应,Day6 求职/字母偏见
respectively / separately,respectively 强调两组对象按顺序一一对应；separately 只是“分别地”,,,Day6 求职/字母偏见
respond forcefully to,强有力地回应,respond forcefully to criticism/advocates,forcefully=有力地、强硬地。,Day4 情报/动物实验
restraint,限制；约束,unnatural restraints on children,restrain v.,09-20 反智/经济放缓
reveal,揭示,reveal the truth,revelation n.,09-21 公平/气候/嗅觉
revenue,收入；营业收入,24 percent of their revenue,企业语境高频,09-20 反智/经济放缓
revive,使复兴；使恢复,revive spying as a profession,revive=重新使有活力。,Day4 情报/动物实验
rewarding,有回报的、值得的,,rewarding experience,09-24 移民/完形复盘
rid ... of ...,使……摆脱……,,ridding oneself of bad dreams,09-22 梦境/正式英语
rigorous,严格的；严谨的,rigorous book learning,rigorous training/research,09-20 反智/经济放缓
scientific,科学的,scientific treatment,science/scientific,Day5 铁路/医疗
searching / strolling / crowding / wandering,search=寻找；stroll=悠闲散步；crowd=拥挤；wander=无目的游荡,,,09-23 移民/无家可归
second to,次于；仅次于,second to intelligence,second to none=首屈一指,09-20 反智/经济放缓
second-rate,二流的；次等的,a second-rate country,first-rate=一流的,09-20 反智/经济放缓
seek help from,向……寻求帮助,seek help from a therapist,seek help/advice,09-22 梦境/正式英语
seem to,似乎,seems to be that...,seem to do,09-21 公平/气候/嗅觉
seething,强烈翻腾的、暗涌的,seething anger,,09-24 移民/完形复盘
sense,感知；感觉,cells which sense smells,sense v.,09-21 公平/气候/嗅觉
separate / adjoining chambers,分开的 / 相邻的隔间,placed in separate adjoining chambers,adjoining=毗邻的,09-21 公平/气候/嗅觉
serve as,充当；作为,science can serve as a guide,serve as + 身份/作用,09-21 公平/气候/嗅觉
shelter,收容所；庇护,比 lodging/dwelling/house 更贴合无家可归者语境,,09-24 移民/完形复盘
shots,注射；预防针,a pet's shots,口语中 shot 常=一针/疫苗注射。,Day4 情报/动物实验
show up,出现；显现,,show up in dreams,09-22 梦境/正式英语
shrink,缩小；减少,a shrinking group,shrink-shrank-shrunk,Day6 求职/字母偏见
shrink / shrinking,缩小；萎缩,shrinking market,反义 expand,Day5 铁路/医疗
shut up in,被关在；困在,shut up in schools and recitation rooms,注意不是“闭嘴”,09-20 反智/经济放缓
sign up for,注册；报名参加,sign up for a service,常考动词短语,Day6 求职/字母偏见
sign up for / apply for,sign up for=报名/注册服务；apply for=申请职位/项目,,,Day6 求职/字母偏见
signs of recovery,复苏迹象,show signs of recovery,高频经济短语,09-20 反智/经济放缓
silver lining,困境中的一线希望,see silver linings,every cloud has a silver lining,09-20 反智/经济放缓
similar to,与……相似,be similar to,similarity,09-21 公平/气候/嗅觉
slacking,偷懒；懈怠,a reputation for slacking,slack v./adj.,09-21 公平/气候/嗅觉
slight contempt,轻微的轻蔑,,contempt=轻视,Day5 铁路/医疗
small wonder,难怪；不足为奇,small wonder that...,≈ no wonder,Day5 铁路/医疗
smell of elitism,带有精英主义气息,anything that smells of elitism,smell of 可比喻“有……味道/迹象”,09-20 反智/经济放缓
smell receptor,嗅觉受体,smell receptors in the nose,receptor=受体,09-21 公平/气候/嗅觉
So / Since / As / Thus,So/Thus=结果；Since/As=原因或时间，需结合句法判断,,,09-23 移民/无家可归
spontaneity,自发性；自然流露,spontaneity over craft,spontaneous adj.,09-22 梦境/正式英语
spooks,间谍；特工（非正式）,the spooks,口语/新闻语体，常指情报人员。,Day4 情报/动物实验
spymaster,间谍头目；情报主管,an American spymaster,master 在这里不是“精通者”，而是负责人/掌控者。,Day4 情报/动物实验
stable,稳定的,cooperation remains stable,stability n.,09-21 公平/气候/嗅觉
staff a booth,在摊位配备/担任工作人员,a woman staffing an animal-rights booth,staff 可作动词：为……配备人员。,Day4 情报/动物实验
stakeholder,利益相关者,ultimate stakeholders are patients,商业/公共政策高频词。,Day4 情报/动物实验
statement,声明；陈述,make a statement,写作/阅读高频。,Day4 情报/动物实验
stay with sb all day,整天持续影响某人,those feelings can stay with us all day,stay with 有“持续影响”义,09-22 梦境/正式英语
steward,管理者；守护者,responsible stewards of the planet,stewardship n.,09-21 公平/气候/嗅觉
stick to,粘附在；坚持,smells stick to surfaces,另有“坚持”义,09-21 公平/气候/嗅觉
stimulus / stimuli,刺激；刺激物,external stimuli,复数 stimuli,09-21 公平/气候/嗅觉
stock exchange,证券交易所,on the stock exchange,exchange n.,09-20 反智/经济放缓
strictly necessary,严格来说必要的,is not strictly necessary,strictly=严格意义上,09-22 梦境/正式英语
stumble across,偶然发现；无意中碰到,stumble across a website/opportunity,≈ come across,Day6 求职/字母偏见
stumble across / come across,都可表示“偶然遇到/发现”；stumble across 更有“无意中撞见”的色彩,,,Day6 求职/字母偏见
substantial,大量的；重大的,substantial cost reductions,比 big 更正式,Day5 铁路/医疗
suburban,郊区的,suburban Cleveland,suburb n.,09-20 反智/经济放缓
such as,例如,such as smoke,举例,09-21 公平/气候/嗅觉
suitable,合适的,suitable for,suit v.,09-21 公平/气候/嗅觉
supervision / manipulation / regulation / coordination,supervision=监督；manipulation=操纵；regulation=规制；coordination=协调。,,,09-23 移民/无家可归；09-24 移民/完形复盘
supporter of smoking,支持吸烟的人,supporters of smoking,supporter of,09-21 公平/气候/嗅觉
suppress,压制；抑制,suppressing native intelligence,suppress growth/voice,09-20 反智/经济放缓
surgical,外科手术的,surgical procedure,surgery n.,Day5 铁路/医疗
suspect that,猜想；认为可能,researchers suspect that...,语气弱于 believe,09-22 梦境/正式英语
suspend,暂停；中止,logic is suspended,suspend judgment / suspend operation,09-22 梦境/正式英语
suspiciously,可疑地；令人怀疑地,suspiciously large,语气副词,Day6 求职/字母偏见
sustained boom,持续繁荣,a sustained boom,sustain v.,09-20 反智/经济放缓
talk nonsense,胡说八道,talking nonsense,nonsense 不可数,09-21 公平/气候/嗅觉
temper spending,控制/缓和消费,shoppers temper their spending,temper v.=使缓和,09-20 反智/经济放缓
temperament,性情；气质,appearance and temperament,temperamental adj.,09-21 公平/气候/嗅觉
temporary / permanent,临时的 / 永久的,paper plates vs china 选项,反义组,09-22 梦境/正式英语
the bulk of,大部分,the bulk of each day,,09-23 移民/无家可归；09-24 移民/完形复盘
the explanation for,……的解释,the explanation for insensitivity,explanation for,09-21 公平/气候/嗅觉
the figure may vary,数字可能变化,figure=数字；vary=变化,,09-23 移民/无家可归；09-24 移民/完形复盘
the latter / the former,后者 / 前者,a lesson from the latter is applicable to the former,阅读指代高频,09-21 公平/气候/嗅觉
the life of the mind,精神生活；思想生活,reject the life of the mind,抽象表达，阅读常见,09-20 反智/经济放缓
the rest of us,我们其余的人,For the rest of us...,固定表达,09-22 梦境/正式英语
thermostat,恒温调节器；调节机制,the mind's emotional thermostat,文中为比喻,09-22 梦境/正式英语
third-party payer,第三方付费者,costs paid by third-party payers,保险/政府等,Day5 铁路/医疗
though / although,虽然；不过,though 更灵活，可句末,让步,09-21 公平/气候/嗅觉
threat,威胁,the threat of competition,threaten v.,Day5 铁路/医疗
tighten the belt,勒紧裤腰带；节衣缩食,tighten the belt,与 belt-tightening 同源,09-20 反智/经济放缓
toast,为……祝酒,worth toasting,toast to sth,09-20 反智/经济放缓
token,代币；象征物,exchange a token for food,实验语境常指可交换代币,09-21 公平/气候/嗅觉
trace the roots of,追溯……的根源,trace the roots of anti-intellectualism,与 get to the roots of 近义,09-20 反智/经济放缓
transcendentalist,超验主义者,Transcendentalist philosophers,哲学文化背景词,09-20 反智/经济放缓
triumph,胜利；成功；巨大成就,the triumph of 1960s counter-culture,triumph over；既可名词也可动词。,09-22 梦境/正式英语；Day4 情报/动物实验
turbulent,动荡的、混乱的,America’s turbulent past,,09-23 移民/无家可归；09-24 移民/完形复盘
turn around / turn over / turn on / turn up,turn around=扭转、好转；turn over=翻转/移交；turn on=打开；turn up=出现/调高,,,09-23 移民/无家可归
turn one’s life around,使生活好转、扭转人生,turn around = 好转、扭转,,09-23 移民/无家可归；09-24 移民/完形复盘
unacceptable,不可接受的,inhuman and unacceptable,accept → acceptable → unacceptable。,Day4 情报/动物实验
unaffordable,负担不起的,medical costs become unaffordable,afford→affordable→unaffordable,Day5 铁路/医疗
unanswered question,尚未解答的问题,an unanswered question,阅读总结常见,09-21 公平/气候/嗅觉
uncertain,不确定的,the science uncertain,uncertainty n.,09-21 公平/气候/嗅觉
unconscious,无意识的,unconscious desires and fears,conscious 反义,09-22 梦境/正式英语
unconscious / conscious,无意识的 / 有意识的,dreams under conscious control,,09-22 梦境/正式英语
underlie,构成……的基础；潜藏在……下面,underlies power,过去式 underlay，过去分词 underlain,09-20 反智/经济放缓
underrated,被低估的,an underrated tool,underestimate v. 同义方向,09-21 公平/气候/嗅觉
undervalue,低估；轻视,undervaluing intellect,反义 overvalue,09-20 反智/经济放缓
uniformity,一致、千篇一律,democratizing uniformity,,09-24 移民/完形复盘
unimaginable,难以想象的,once unimaginable,imagine→imaginable,Day5 铁路/医疗
unlikely,不太可能的,unlikely to appeal for relief,likely/unlikely,Day5 铁路/医疗
unmistakable,明显的；不容误认的,the trend is unmistakable,mistakable 反义,09-22 梦境/正式英语
unprecedented,前所未有的,at unprecedented levels,,09-24 移民/完形复盘
upright,直立的,we stand upright,upright posture,09-21 公平/气候/嗅觉
upsetting,令人不安的,what is upsetting about the dream,upset v./adj.,09-22 梦境/正式英语
upsetting parallel,令人不安的相似之处,There are upsetting parallels today,parallel n.=相似情况,09-21 公平/气候/嗅觉
upside,有利的一面；上行空间,see an upside,与 downside 对照,09-20 反智/经济放缓
vacuum up,大量搜集；席卷式收集,vacuum up data bits,形象化：像吸尘器一样把信息吸走。,Day4 情报/动物实验
vain,徒劳的；自负的,take a vain pride / vain attempt,此处多为“虚荣/徒劳”视语境,Day5 铁路/医疗
valuable / invaluable,有价值 / 极其宝贵,invaluable ≠ valueless,,09-22 梦境/正式英语
vanish,消失；突然不复存在,pleasure can vanish,≈ disappear,09-21 公平/气候/嗅觉
vast,巨大的；广阔的,vast consolidation,语气强于 large,Day5 铁路/医疗
venture investment,风险投资,venture capital/investment,venture=风险事业,09-20 反智/经济放缓
visualize,在脑中想象；使可视化,visualize how you would like it to end,visualization n.,09-22 梦境/正式英语
vivid,生动的；鲜明的,vivid dreams,vivid memory/image,09-22 梦境/正式英语
vivid / vividness,生动的 / 生动性,vivid dreams,,09-22 梦境/正式英语
vulnerable to,易受……伤害/影响,vulnerable to exploitation and control,高频搭配,09-20 反智/经济放缓
wander / wandering,游荡,spend the day wandering the street,,09-24 移民/完形复盘
wander the street,在街头游荡,wander 强调无目的地走,,09-23 移民/无家可归
waste / wasted,浪费；被浪费的,medical resources are wasted,wasteful adj.,Day5 铁路/医疗
weigh,权衡；衡量,weigh what they get,不仅是“称重”,09-21 公平/气候/嗅觉
well regarded,受到高度评价的,the most well regarded,≈ respected,09-22 梦境/正式英语
well-meaning,出于好意的；善意的,well-meaning people,常暗含“好心但未必做对”。,Day4 情报/动物实验
when / once / while / whereas,while 可表示“虽然/当……时”或对比；whereas 强对比；once=一旦；when=时间。,,,09-23 移民/无家可归；09-24 移民/完形复盘
when it comes to,说到；谈到,when it comes to the slowing economy,高频引入结构,09-20 反智/经济放缓
within one's control,在某人的控制范围内,within our control,反义：beyond one's control,09-22 梦境/正式英语
word puzzle,文字游戏；字谜,word puzzles,puzzle 也可作动词,Day6 求职/字母偏见
work through,逐步处理并化解,working through negative feelings,心理语境高频,09-22 梦境/正式英语
worth doing,值得做……,worth toasting,worth + V-ing，不接 to do,09-20 反智/经济放缓
